文件名,大小(KB),修改时间
demo_poster.png,2093,2026-06-21 14:29
img_v3_0212q_ad767cf4-c040-4f9c-b1cb-c02e8d57591g.jpg,34,2026-06-21 14:29
visual_avatar_v2.png,1427,2026-06-21 14:29
visual_avatar_v3.png,1224,2026-06-21 14:29
东升_产品宣传图.png,1741,2026-06-21 14:29
东升_产品宣传图_v2.png,2014,2026-06-21 14:29
东升_企业宣传海报.png,2025,2026-06-21 14:29
东升_企业海报_含产品图.png,1835,2026-06-21 14:29
东升_招商海报_含产品图.png,1829,2026-06-21 14:29
招商海报2.png,2118,2026-06-21 14:29
招商海报4.png,1849,2026-06-21 14:29
招商海报5.png,1685,2026-06-21 14:29
招商海报6.png,1875,2026-06-21 14:29
招商海报7.png,1840,2026-06-21 14:29
招商海报_反推重生成.png,2069,2026-06-21 14:29
招商海报_反推重生成_v2.png,2126,2026-06-21 14:29
果燃畅通_生活写真.png,2415,2026-06-21 14:29
燃大夫_万店云连锁_招商海报.png,1922,2026-06-21 14:29
燃大夫_万店云连锁_招商海报_v2.png,2080,2026-06-21 14:29
燃大夫_品牌理念_海报.png,1863,2026-06-21 14:29
燃大夫_品牌理念_海报_v2.png,1716,2026-06-21 14:29
燃大夫_夏日必瘦_宣传海报.png,1996,2026-06-21 14:29
燃大夫_夏日躺瘦_海报.png,1898,2026-06-21 14:29
燃大夫_夏日躺瘦_海报_v2.png,2013,2026-06-21 14:29
端午安康_节气海报.png,2693,2026-06-21 14:29
美容顾问_林婉清_人物介绍.png,1813,2026-06-21 14:29
董事长_人物介绍海报.png,1817,2026-06-21 14:29
董事长_武俊杰_人物介绍.png,1953,2026-06-21 14:29
董事长_武俊杰_人物介绍_完整版.png,2086,2026-06-21 14:29
董事长_武俊杰_半身版.png,1980,2026-06-21 14:29
董事长_武俊杰_大气金版.png,2281,2026-06-21 14:29
董事长_武俊杰_完整版_最终.png,2308,2026-06-21 14:29
董事长_武俊杰_最终版.png,2333,2026-06-21 14:29
董事长_武俊杰_艺术字版.png,2257,2026-06-21 14:29
